title,rating,room_type,price
Hotel Paradise Inn-A Boutique Hotel Delhi,7.9,Double Room,1710
Hotel City Lite Near IGI Airport,7.6,Deluxe Room,701
Hotel The Tark Near IGI Airport Delhi,7.9,Deluxe Room,936
Hotel D'Capitol - Delhi Airport,8.0,Deluxe Double Room,1399
Airport Hotel Square Plaza,8.4,Superior Double or Twin Room,1209
Hotel Smart Plaza Delhi Airport,8.5,Deluxe Double Room,1485
Hotel Vanson Delite - New Delhi Railway Station,8.4,Deluxe Room,2550
Hotel Pearl - Mahipalpur Delhi Airport Fully Vaccinated Staff,8.1,Small Double Room,1071
Hotel Olivia Inn At Delhi Airport,8.6,Same Day use Room from 10 AM to 4 PM (check-in and check-out day on the same day),938
Novotel New Delhi Aerocity- International Airport,7.7,Standard King Room with WiFi,9000
"Holiday Inn New Delhi International Airport, an IHG Hotel",8.0,Standard King Room - Disability Access,8099
Radisson Blu Plaza Delhi Airport,8.2,Superior Room with Free Pick up and drop to Worldmark Aerocity (subject to car availability),7740
Aloft New Delhi Aerocity,8.1,"1 King Bed, City View, Aloft Room",7000
Hotel Oak Plaza - New Delhi Railway Station with free Secured parking,8.1,Deluxe Double Room,2580
"Taj Palace, New Delhi",8.7,"Deluxe Room, King Bed",12766
The Roseate,8.1,Premium Garden View Room,11049
Le Meridien New Delhi,7.8,Executive Double or Twin Room,9650
Hyatt Regency Delhi,7.7,Hyatt King Room with 15% off on food and soft beverages,9445
Andaz Delhi Aerocity- Concept by Hyatt,8.1,King Room,10200
OPO Hotels Alpine Tree,8.0,Deluxe Double Room,2228
Staybook - Hotel Jai Balaji New Delhi Railway Station,7.9,Economy Double Room,1079
Hotel Star One - Near Delhi Airport,8.2,Deluxe Room,2911
Hotel Stay Well Dx,7.9,Deluxe Double Room,1920
"Hotel Bricks, Karol Bagh, New Delhi",8.4,Standard Double Room,2138
Hotel Festival Mahipalpur Delhi Airport - Fully Vaccinated Staff,8.6,Deluxe Room,1205
Hotel Paradise Inn-A Boutique Hotel Delhi,7.9,Double Room,1710
Hotel City Lite Near IGI Airport,7.6,Deluxe Room,701
Hotel The Tark Near IGI Airport Delhi,7.9,Deluxe Room,936
Hotel D'Capitol - Delhi Airport,8.0,Deluxe Double Room,1399
Airport Hotel Square Plaza,8.4,Superior Double or Twin Room,1209
Hotel Smart Plaza Delhi Airport,8.5,Deluxe Double Room,1485
Hotel Vanson Delite - New Delhi Railway Station,8.4,Deluxe Room,2550
Hotel Pearl - Mahipalpur Delhi Airport Fully Vaccinated Staff,8.1,Small Double Room,1071
Hotel Olivia Inn At Delhi Airport,8.6,Same Day use Room from 10 AM to 4 PM (check-in and check-out day on the same day),938
Novotel New Delhi Aerocity- International Airport,7.7,Standard King Room with WiFi,9000
"Holiday Inn New Delhi International Airport, an IHG Hotel",8.0,Standard King Room - Disability Access,8099
Radisson Blu Plaza Delhi Airport,8.2,Superior Room with Free Pick up and drop to Worldmark Aerocity (subject to car availability),7740
Aloft New Delhi Aerocity,8.1,"1 King Bed, City View, Aloft Room",7000
Hotel Oak Plaza - New Delhi Railway Station with free Secured parking,8.1,Deluxe Double Room,2580
"Taj Palace, New Delhi",8.7,"Deluxe Room, King Bed",12766
The Roseate,8.1,Premium Garden View Room,11049
Le Meridien New Delhi,7.8,Executive Double or Twin Room,9650
Hyatt Regency Delhi,7.7,Hyatt King Room with 15% off on food and soft beverages,9445
Andaz Delhi Aerocity- Concept by Hyatt,8.1,King Room,10200
OPO Hotels Alpine Tree,8.0,Deluxe Double Room,2228
Staybook - Hotel Jai Balaji New Delhi Railway Station,7.9,Economy Double Room,1079
Hotel Star One - Near Delhi Airport,8.2,Deluxe Room,2911
Hotel Stay Well Dx,7.9,Deluxe Double Room,1920
"Hotel Bricks, Karol Bagh, New Delhi",8.4,Standard Double Room,2138
Hotel Festival Mahipalpur Delhi Airport - Fully Vaccinated Staff,8.6,Deluxe Room,1205
Hotel Blue Pearl,8.6,Deluxe Room,1860
"ITC Maurya, a Luxury Collection Hotel, New Delhi",8.0,Executive Queen Room with Garden View- Club Level,11000
Hotel Airport city palace,7.9,Deluxe Double Room,1575
Hotel The IVY Grand With Free Secured Parking,8.3,Deluxe Room,4050
Hotel Airport View,7.5,Standard Double or Twin Room,2159
"Holiday Inn New Delhi Mayur Vihar Noida, an IHG Hotel",7.5,Standard Double or Twin Room with 1+1 Offer on Select Alcoholic Beverages at a Restaurant from 11:00 hours to 20:00 hours,5817
Hotel Smart Palace - Near Delhi Airport,8.0,Super Deluxe Room,1291
Hotel Baba Deluxe -By RCG Hotels,8.0,Deluxe Double or Twin Room,2052
Hotel Siddharth A Boutique Guest House,7.6,Deluxe Double Room,1121
Hotel Arch - Near Aerocity New Delhi,7.8,Deluxe Room,2364
Hotel Classic,8.8,Deluxe Double Room,959
Hotel King Plaza,6.3,Deluxe King Room,780
"Park Inn by Radisson,South Delhi",7.5,Superior Room,6559
Hotel Elegance,7.4,Deluxe Double or Twin Room,2295
Airport hotel Breeze,7.0,Deluxe Room,933
Pullman New Delhi Aerocity- International Airport,8.1,"Deluxe King Room with Bathtub ,Free WiFi ",11500
Hotel Smart Signature Delhi Airport,7.7,Deluxe Double Room,1001
JW Marriott Hotel New Delhi Aerocity,8.6," Premier Room, Pool view, Guest room, 1 King ",16850
"Crowne Plaza New Delhi Okhla, an IHG Hotel",8.0,Twin Room - Non-Smoking,6950
Hotel Aiwan-e-Shahi,7.9,Deluxe Double Room,2142
"Holiday Inn Express New Delhi International Airport T3, an IHG Hotel",7.2,Queen Room - Accessible,11019
FabHotel Prime Sage,7.1,Deluxe Double Room,2577
Hotel Sopan Heights,8.5,"Deluxe Room, Late check-out by 3 hours",3074
The Oberoi New Delhi,9.5,Deluxe Room,18750
"Pride Plaza Hotel, Aerocity New Delhi",7.5,Deluxe Twin Room,8234
The Claridges New Delhi,8.0,Claridges Boutique Room,11250
Maidens Hotel New Delhi,9.4,Heritage Room,8500
Hotel Wow Inn,7.5,Deluxe Double Room,1530
Smyle Inn - 3 minutes walk From New Delhi Railway Station,7.9,Standard Double or Twin Room,1297
Hotel Viva Palace,7.0,Deluxe Double Room,2156
Hilton Garden Inn New Delhi/Saket,7.5,"King Bed Guest Room - 1+1 on IMFL, 20% Discount on all Hotel Services, Early Check in & Late Check out by 3 hours Subject to Availability",9500
Sheraton New Delhi Hotel,8.4,Deluxe Double or Twin Room,14000
The Grand Orion - Kailash Colony,7.6,Deluxe Double or Twin Room with City View,3899
"Hotel Nitya Maharani "" Couple Friendly "" Vaccinated Staff""",8.5,Deluxe Double Room,2049
bloomrooms @ Janpath,8.2,Standard King Room,6500
Hotel Square Stay,8.6,Superior Double Room,1019
Shangri-La Eros New Delhi,8.5,Deluxe King Room,10800
Airport Hotel Ramhan Palace Mahipalpur,7.8,Standard Double or Twin Room with Airport Drop,2430
Hotel Maya Cottage ''Couple Friendly'',7.7,Economy Double Room,926
Roseate House New Delhi,8.3,Deluxe Room,13649
Hotel Aeropath Near IGI Airport Delhi,7.7,Deluxe Double or Twin Room,2169
LetsBunk Poshtel & Suites,7.9,King Room,4950
Hotel Kingston Park near Ganga Ram Hospital,7.0,Compact Room,1931
ibis New Delhi Aerocity - An Accor Brand,6.9,Standard Queen Room,7199
The Leela Palace New Delhi,9.1,Grand Deluxe Room ,21000
MELFORT BeD & BREAKFAST,10,Basic Triple Room,1070
Airport Hotel Green Height,8.6,Deluxe Double Room,831
Hotel Olive Zone Near Delhi Airport,6.9,Day Use Room Strictly for 5 hours (12PM to 5PM),1200
Hotel Aero Star Near Delhi Airport,8.4,Deluxe Double or Twin Room,3381
Bed and Chaï,7.6,Deluxe Double Room,2200
The Grand Uddhav,7.6,Standard Double Room,2015
"Ambassador, New Delhi - IHCL SeleQtions",8.0,"Superior Room Queen Bed with 15% off on Food and Soft Beverages, Happy Hours (Buy 1 & Get 1) on select menu at InSomnia",12000
Hotel International Inn - Near Delhi Airport,8.1,Compact Room,2342
Hotel Vertu,7.2,Deluxe Double Room,2399
Radisson Blu Hotel New Delhi Paschim Vihar,6.7,Superior Double or Twin Room,8500
Hotel Qualia Suites at Delhi Airport,8.0,Deluxe Double Room (2 Adults + 1 Child),1079
Wongdhen House,8.6,Twin Room,1785
Hotel The Raj,7.2,Standard Double Room with Fan,1018
Hotel City Star,8.1,Deluxe Double Room,2850
Hotel Belwood Delhi Airport,7.0,Deluxe Double Room,1705
The Hosteller New Delhi,8.4,"Deluxe Double Room (Double Room with Attached Bathroom, 02 Hrs Early Check-in {Subject to availability}, High Speed WiFi and 10% off on F&B)",3022
The Aster Karol Bagh,8.1,Deluxe Room,2886
The C Park Inn Karol Bagh just 1 km from New Delhi railway station,7.4,Deluxe Double Room,1562
"Vivanta New Delhi, Dwarka",8.3,Superior Room City View King Bed,9775
FabHotel White Klove Paharganj,7.9,Superior Double Room,1403
Hotel Gold Souk - Karol Bagh,9.0,Deluxe Double Room,3599
New Delhi YMCA Tourist Hostel,6.7,Standard Double or Twin Room,3500
Hotel Amar International,7.5,Standard Double or Twin Room,1082
Hotel Peace Point - 1 min walking distance from station,6.7,Deluxe Double Room,1274
goSTOPS Delhi,7.8,"Double Room with Private Bathroom - 3 Hours Early Check-in or Late Check out (subject to availability), Working Space, High Speed Wi-Fi",2499
Townhouse 840 Hotel Geeson,2.5,Classic Triple Room,592
Hotel Aerocity Purple Orchid,7.8,Deluxe Double Room,1495
Peepal Tree Residency,8.5,Standard King Room,2750
Minimalist Poshtel & Suites,7.7,Twin Room with Balcony,3600
Hotel Fabulous - Delhi International Airport,8.3,Small Double Room,1335
Hotel Tashkent Palace - Budget Friendly,7.6,Budget Double Room,932
Venizia Sarovar Portico,6.7,Superior Double Room,2699
"Diplomat, Chanakyapuri New Delhi- A Boutique Hotel",6.9,Double or Twin Room,7989
Hotel Hari Piorko,7.8,Deluxe Double Room,1960
Bloomrooms @ Link Road,8.0,Standard Queen Room,4600
Hotel Glow Inn-3 Mins Walking From NDLS,7.4,Standard Double Room with Fan,999
OYO Townhouse 023 CR Park,2.6,Classic Triple Room,1765
FabHotel Marble Arch - Fully Vaccinated Staff,8.0,Deluxe Room,2057
The Gold Regency - Paharganj,7.4,Deluxe Room,3279
The Mohit Guest House -A Well Hygiene Property,7.9,Standard Double Room,1516
Hotel Delhi 37 Near - Delhi Airport,8.5,Classic Double Room,2400
Staybook-Jyoti Mahal A Heritage Hotel,7.3,Standard Double Room,2079
The Oak New Delhi,7.9,Deluxe Double Room,3541
Hotel Almati Inn at Delhi Airport,6.9,Deluxe Double or Twin Room,3000
Hotel Urban Tree,8.6,Small Double Room,1012
Hotel Metro View,4.7,Deluxe Double or Twin Room,2250
Hotel De Tark Near IGI Airport,7.6,Deluxe Double Room,753
Hotel Venus Plaza- Near Delhi Airport,8.6,Deluxe Room,2016
The Park New Delhi,5.8,Luxury Room with breakfast ,7799
Bloomrooms @ New Delhi Railway Station,8.1,Value Queen Room,3700
Hotel Airlift INN at Delhi Airport,8.7,Small Double Room,1246
Hindustan- by Backpackers Heaven,7.8,Deluxe Double Room,1453
The Singh Empire,7.7,Deluxe Double or Twin Room,2549
Park Inn by Radisson New Delhi IP Extension,7.0,Superior Double or Twin Room,4400
"The Connaught, New Delhi- IHCL SeleQtions",8.7,Superior Room City View King Bed,11000
Amax Inn,7.0,Deluxe Double Room,1186
Hotel Saya Deluxe ''Couple Friendly '',7.6,Deluxe Room,1247
Hotel Cottage Yes Please Near New Delhi Railway Station,8.1,Deluxe Double Room,2800
Silver Shine New Delhi - COMFORT STAY,8.4,Standard Double Room,1600
"Crowne Plaza New Delhi Mayur Vihar Noida, an IHG Hotel",8.2, Superior Double or Twin Room with 1+1 Offer on select alcoholic beverages at Infinity between 11:00 hours to 19:00 hours,6279
Hotel Grand Olive Near Delhi Airport,6.8,Deluxe Double Room (2 Adults + 1 Child),1525
Home@F37 Kailash Colony Metro,8.2,Super Deluxe Double Room,3500
Hotel Jukaso Inn Down Town - A Couple Friendly Hotel,6.9,Deluxe Double Room,5700
Hotel Sky Wood At Airport,8.7,Superior Double Room,959
Hotel Shanti Plaza,7.6,Executive Double or Twin Room,1935
Hotel International Inn Near New Delhi Railway Station,7.8,Standard Double Room,1295
Batra Holiday Home - Couple Friendly Stays,6.8,Budget Double Room,1124
OYO 90654 Hotel Grand Luxury,5.5,Classic Triple Room,501
Hotel Sky Rich International Karol Bagh - Fully Vaccinated Staff,7.6,Deluxe Room,2569
Hotel Royal Grand,7.1,Deluxe Room,2025
Hotel Ark Suites At Airport,8.5,Deluxe Double Room,959
Anara Service Apartments - Greater Kailash Part II,8.4,Studio with Balcony,4600
"The Ashok, New Delhi",6.6,Standard Double Room - 15% Discount on Food & Soft Beverages,8500
Hotel Nirmal Mahal 5 min walk From New Delhi Railway Station,7.2,Deluxe Double Room,1739
FabHotel Jasmine Boutique Jasola - Fully Vaccinated Staff,7.9,(Sanitised) Deluxe Room,2985
The Umrao,6.9,Deluxe Double or Twin Room,8100
Hotel Om Paradise,7.0,Deluxe Double Room,647
Radisson Blu Marina Hotel Connaught Place,6.7,Superior Double Room,8500
The Suryaa New Delhi,7.4,Deluxe Room with 10% Discount on Food & Beverage,12333
The Lohmod - Boutique Hotel At Delhi Airport,7.5,Deluxe Double Room,2970
Zenith Hotel - Delhi Airport,7.8,Standard Double Room,1800
"The Imperial, New Delhi",9.0,Imperial Double or Twin Room,27000
FabHotel La Paz Stay B&B,7.7,Deluxe Room,2921
"HOTEL UPPAL INTERNATIONAL ""More than just a Hotel""",7.3,Deluxe Double Room,1802
The Leela Ambience Convention Hotel Delhi,8.4,Deluxe Room with Bathtub,6999
Hotel Admire Gold - Pachim Vihar Delhi,8.2,Standard Double Room,1529
"Hotel Samrat, New Delhi",4.9,Deluxe Double Room,7199
Hotel Raj Villa New Delhi Railway station,7.5,Deluxe Double Room,1559
The Orion Plaza - Nehru Place,7.2,Deluxe Double or Twin Room,3899
Hotel Mannat international by Mannat,8.7,Deluxe King Room,1760
The Suncourt Hotel Yatri,8.0,Deluxe Double or Twin Room,2600
Hotel IVY Plaza Luxury,7.1,Deluxe Double Room,735
Hotel city lite,7.0,Deluxe Room,462
Hotel Aster Inn Karol Bagh New Delhi,7.7,Deluxe Room,2736
Airport Hotel Tashree,8.5,Standard Double Room,4200
Townhouse 1087 Aerosky Deluxe,6.3,Classic Triple Room,1200
Haveli Dharampura - UNESCO awarded Boutique Heritage Hotel,8.9,Jharoka Room,14875
Radisson Blu Hotel New Delhi Dwarka,6.4,"Superior Double or Twin Room with 20% discount on Food & Soft Beverage, Laundry and 1+1 in Atrium Lounge",6705
A sleepy Fox New Delhi,8.9,Double Room with Balcony,3000
Bloom Boutique l GK-1,8.1,Deluxe King Room,6500
Capital O 79858 Hotel Jp Tower,8.4,Deluxe Triple Room,1033
FabHotel Anutham Saket,7.3,(Sanitised) Deluxe Double Room,2921
Hotel Su Shree Continental 5 Minutes Walk From New Delhi Railway Station,7.9,Standard Double Room with Fan,1200
Hotel Delhi Airport,9.0,Superior Double Room,863
Jaypee Vasant Continental,7.2,Deluxe Double or Twin Room with with 10% discount on food and soft beverages (Not on In room dining ),5999
Indus Biznotel,8.0,Executive Double or Twin Room,4199
The Legend Inn Delhi,7.6,Economy Double Room,3800
"HOTEL KABIR PALACE, Karol Bagh DELHI",8.5,Superior Double Room,2429
FabHotel F9 Kirti Nagar,7.8,Deluxe Room,1869
Hotel The Royal Plaza,5.1,"Standard Double Room - Wifi, 20% Discount on Food & Soft Beverages, Spa & Saloon services",8999
Hotel Anand Lok Inn,8.5,Deluxe Double or Twin Room,2645
Hotel Lexe Mahipalpur,8.3,Deluxe Double or Twin Room,1034
Hotel Sun Village Near New Delhi Railway Station,7.3,Budget Double Room,1349
OYO Townhouse 511 Divino,3.5,Classic Triple Room,1386
Hotel Le Cadre @ Kailash Metro,6.1,"Executive Double or Twin Room with Free Upgrade to higher category (Subject to avl), Early check and (2 hrs) and Late Check Out (2 hrs) again subject to avl",3500
Taurus Sarovar Portico,5.4,Standard King Room,4499
Hotel Marina Near IGI Airport Delhi,6.6,Deluxe Room,666
FabHotel Cabana - Fully Vaccinated Staff,7.2,Deluxe Double Room,3214
Airport Hotel The R Blues,8.5,Economy Room,1999
Connaught Royale Delhi,6.6,Deluxe Double Room,4700
YWCA International Guest House,7.1,Economy Double or Twin Room,3100
Shanti Residency,,Budget Double Room,1500
Treebo Trip Arien International,8.0,Standard Double Room,1842
Olivia Stay,8.5,Deluxe Room,2999
Grand Godwin Near NDLS Railway Stn and Room with Airport Pick-up,7.0,Standard Double or Twin Room,2950
Hotel Grand Regency - Delhi Airport,7.2,Deluxe Room,2453
Raj Mahal Inn,7.4,Deluxe Double room Non AC,850
Lime Tree Greater Kailash Premier Stays -Next to GK 2 Metro Station,8.5,Deluxe King Room,4200
Hotel Pooja Palace,6.6,Deluxe Double Room,1804
"IP Royal Hotel - Couple Friendly Near Yamuna Sports Complex, Karkardooma New Delhi",7.6,Economy Double Room,3250
Hotel Airport City,7.8,Deluxe Double Room,2100
OYO 82718 Hotel Stay House,1.5,Standard Double Room,493
Hotel Krone Near IGI Airport,7.9,Deluxe Room,684
Hotel Tara Palace Daryaganj,7.2,Deluxe Room,2800
Hotel Le Roi,6.9,Deluxe Double Room,2252
The Metropolitan Hotel & Spa New Delhi,7.4,"Superior Double Room Inclusive of Wi-Fi,  20% off on food & soft beverages",9000
Treebo Trend Paras International Karol Bagh,7.3,Standard Double Room,1669
Hotel Saffron Gold,8.4,Double Room with Private Bathroom,2267
The Grand Vikalp by Orion Hotels,7.1,Deluxe Double or Twin Room,3217
Airport Hotel Olive & Blue,8.0,Standard Double Room,2069
Hotel Sunstar Grand,7.8,Deluxe Double or Twin Room,2600
Hotel Sunstar Heritage,7.9,Deluxe Room,3100
Hotel Trans International - Near Delhi Airport,7.3,Classic Room,3919
Hotel HSP Suites,8.0,Deluxe Double Room,1539
Royale Connaught Retreat,6.9,Deluxe Suite,2499
Treebo Trend Galaxy Rooms,8.3,Standard Double Room,1565
The Dream House,8.3,Deluxe Room,2000
legends stay,10,Deluxe Room,900
Hotel Smart Inn Near Delhi Airport,7.8,Deluxe Room,895
FabHotel F9 Pitampura,8.5,Deluxe Room,2103
Hotel Imperial Villa,7.4,Deluxe Double Room,2295
The Oakland Plaza by Orion Hotels,7.0,Deluxe Double or Twin Room,2729
FabHotel Exotica Greenpark - Fully Vaccinated Staff,7.5,Deluxe Double Room,3109
Hotel Shelton,7.3,Semi Deluxe ,1499
Hotel De Cruise - New Delhi Railway Station,6.4,Deluxe Room,2889
UDS Villa B&B,7.3,Deluxe Double Room with Balcony,4400
FabHotel Golden Stay,4.6,Deluxe Room,1460
Treebo Trend Hotel Elite,7.1,Deluxe Double Room,2037
The Prime Balaji Deluxe @ New Delhi Railway Station,7.9,Deluxe Double or Twin Room,3500
Staybook - ShivDev International New Delhi,7.9,Day Use Room Strictly for 5 hours ( 12PM to 7 PM ),899
"Eros Hotel New Delhi, Nehru Place",7.4,"Superior Room with free Wi-Fi, 15 % discount on food and soft beverages",8640
Mother Palace,8.0,Standard Double Room with Fan,850
JRD Pride-Fully Vaccinated Staff,7.1,Superior Double or Twin Room with complimentary Hi Tea from 04pm till 06pm,5538
Hotel Shanti Palace Mahipalpur,6.8,Standard  Double Room with 20% discount on food and soft beverage,5238
Ahuja Residency Sunder Nagar,7.7,Deluxe Double or Twin Room,6600
Joey's Hostel,8.3,Deluxe Double Room,2429
Zaza Stay,8.9,Deluxe Double or Twin Room with Balcony,4000
The Taj Mahal Hotel New Delhi,8.7,Taj Club Executive Room(Renovated) King Bed,30000
The Ashtan Sarovar Portico,7.6,Superior Double or Twin Room,6399
Hotel Wti Airport,7.0,Deluxe Twin Room,4000
"City Empire, New Delhi",8.2,Superior Double/Twin,2070
M1 Hotel By WB Inn,1.0,Deluxe Room,2560
Bungalow 99,9.6,Double Room with Balcony,9999
SPOT ON 61091 Hotel Silver Palace Dx,4.3,Standard Double Room with Fan,568
"Sailors Home - C6, Vasant Kunj",7.5,Queen Room,2000
Gallivanto Inn,8.9,Budget Double Room,2025
Skylink Suites Bed & Breakfast,7.7,Luxury Double Room,2500
FabExpress City Stories 2,8.4,Deluxe Room,1503
Townhouse OAK Hotel South Prime,1.0,Classic Triple Room,719
"Welcomhotel by ITC Hotels, Dwarka, New Delhi",7.2,Deluxe Double Room,5920
Hotel GODWIN DELUXE With RESTAURANT AND FREE STREET PARKING ONSITE in PAHARGANJ,7.2,Standard Double Room,3086
Aashianaa Gracious Living,9.0,Superior King Room,4347
Hotel Delhi Aerocity,7.5,Standard Deluxe Room,1526
Avanti Tenantry,7.8,Studio Apartment,5400
Hotel Citizen New Delhi,7.7,Deluxe Room,4094
Zostel Delhi,7.3,Standard Double Room,1999
CASA CENTRAL,9.0,Family Suite,2131
FabHotel Qotel Chattarpur,4.4,Deluxe Room,1405
FabHotel Aashraye - Fully Vaccinated Staff,7.4,(Sanitised) Deluxe Room,2220
Orania B & B by Atsar,7.8,Superior Double or Twin Room,3831
Hotel Aura,7.5,Standard Room,2569
FabHotel Grand Boutique,7.1,Deluxe Room,2103
FabExpress Le Continental,7.2,Deluxe Room,1754
OYO 45772 Silver Residency,10,Deluxe Triple Room,682
Hotel GoodLuck House Near Delhi Airport,7.9,Deluxe Double Room,1080
Hotel Superb 5 Mins Walk From New Delhi Station,7.1,Deluxe Double or Twin Room,2699
FabHotel Qotel Jasola,7.3,Deluxe Room,2220
Golden Leaf Hotel,7.6,Deluxe Double Room,3400
The Prime Delhi,8.7,Superior Double or Twin Room,2900
Hotel Ivory 32,7.2,Executive Room,3500
Shree Balaji Dx By WB Inn,1.0,Double Room,1349
Hotel Blue Bell,7.0,Executive Double or Twin Room,1852
"AB HOTEL - Hotel Amar ITL - STREET NO 7 - CHUNA MANDI, PAHAR GANJ",8.2,Standard Double Room,1128
Hotel Red Chilly,7.1,Deluxe Double Room,2397
Hotel Earth,7.0,Deluxe Double Room,855
Hotel Mohan International,7.3,Deluxe Double Room,2079
Airport Hotel Mayank Residency,7.6,Deluxe Double Room,900
Hotel Red Coral By F9 Hotels,8.3,Standard Double Room,1385
FabHotel White House BNB,9.0,Deluxe Room,2805
"Aerocity Hotel Jindal Palace IGI Airport Delhi- A Well Hygiene Property""All Staff Vaccinated """,8.4,Deluxe Double Room,1195
"Hotel Kabeer Deluxe "" 3 Min Walking from New Delhi Railway Station """,7.5,Deluxe Room,2990
"Cosy Grand, Near Chanakyapuri, Embassy Area",7.8,Deluxe Double or Twin Room,4717
Svelte Hotel and Personal Suites,6.3,Superior Double Room,7199
Staybook - Hotel Pinky Villa,8.1,Standard Heritage Room,1423
Hotel Lotus Suites at Delhi Airport,8.0,Deluxe Family Room,1169
Hindustan International Dx,6.9,Deluxe Room,1782
"Four Points by Sheraton New Delhi, Airport Highway",7.9,Comfort Room With 25% discount on food and Soft Beverage,7200
"HOTEL ALL IZ WELL-Paharganj,Delhi",6.7,Deluxe Double Room,1680
J House near Bhikaji,8.7,Budget Double Room,2520
Hotel Krishna - By RCG Hotels,8.0,Deluxe Double or Twin Room,3600
Hotel Sweet Home DX,7.0,Standard Double Room with Fan,1236
FabHotel Lime Tree,6.7,Deluxe Room,1286
Hotel Grand Belwood Near Delhi Airport,6.9,Deluxe Double Room (2 Adults + 1 Child),1525
Hotel Shanti Villa,8.0,Deluxe Room,3000
Capital O 89538 Hotel The Royal Orbit,,Classic Triple Room,628
NUO By juSTa,7.4,Standard King Room,10000
"Foxoso Hotel, Delhi Airport",7.2,Deluxe Room,3599
Treebo Trend The Kings Plaza Naraina Vihar,7.0,Standard Double Room,1999
OYO 81119 Hotel Prince,2.3,Classic Triple Room,473
HOTEL PRIMELAND,7.4,Deluxe Room,3100
Cameo art house -home stays Vasant Vihar New Delhi,8.6,Deluxe Room,4500
Eleven,8.7,Standard Double Room,5500
OYO 75317 Hotel Orchid Blu,6.2,Classic Triple Room,1017
Hotel Almora Near Delhi Airport,6.9,Deluxe Double Room,4500
Kaisons Inn (Near Apollo Hospital),6.9,Deluxe Double Room,4099
AIRPORT Hotel prime plaza,7.2,Deluxe Room,539
OYO 82300 Discovery Inn,4.8,Classic Triple Room,479
Hotel REPOSE SUITES Near New Delhi Railway Station,7.6,Deluxe Double Room (2 Adults + 1 Child),1550
Treebo Trend Prime Stay Rohini,7.1,Double Room,1799
Hotel Vivah Residency Couple Friendly Pashim Vihar,6.0,Deluxe Double Room,1799
Treebo Tryst Relax Inn Patel Nagar,7.1,Deluxe Double Room,3102
FabHotel Aries Delhi Airport,7.5,Deluxe Double Room,1752
Moustache Delhi,8.7,Superior Double Room,3602
Aravali Inn,9.0,Deluxe Double Room with Shower,1169
Hotel The Magic Tree - Paharganj New Delhi,8.7,Deluxe Double Room,2749
Hotel The Caves IGI Airport Delhi,6.4,Deluxe King Room,684
Hotel Shiva Intercontinental,7.8,Standard Double Room,1143
Hotel Raj Palace Mahipalpur Near IGI Airport Delhi,8.6,Deluxe Room,2361
The Stay Inn New Delhi,8.9,Standard Double or Twin Room,3500
Vishal Hotel G H,5.0,Standard Double or Twin Room,765
Capital O 84215 The Chaitanya's,4.9,Classic Triple Room,805
FabHotel Admire Suites,7.0,Deluxe Room,3269
Anand Bhawan,8.3,Deluxe Queen Room,2904
Hotel Shri Vinayak at New Delhi Railway Station-By RCG Hotels,8.4,Standard Double Room,2699
Airport Hotel Moody Moon,5.4,Deluxe Double Room,599
Hotel Nature View near Green Park Metro - Couple Friendly Local IDs Accepted,6.9,Deluxe Double Room,2548
The Lodhi – A member of The Leading Hotels Of The World,8.5,Lodhi Double Room with Plunge Pool with complimentary spa credit worth INR 1200,34420
Apt# ONE-FOUR-TWO - with Lift - High Speed Wifi - Smart TV,8.9,One-Bedroom Apartment,4595
Jaypee Siddharth,6.2,Deluxe Double or Twin Room,6799
HOTEL THE GLORY - Near New Delhi Airport,7.4,Deluxe Double Room,923
"Airport Hotel Grand, New Delhi",6.1,Deluxe Room,1499
J P House,,Executive Suite,9999
OYO 90747 Dream Palace,1.8,Classic Triple Room,637
Hotel Sunshine,6.8,Non AC Double Room,900
Comfort Stay - Premium Stay Group,9.0,Standard Double Room,1169
Hotel Raj Hans Dx,4.6,Deluxe King Room,510
Sarovar Portico Surajkund,5.3,Superior Double or Twin Room,3200
Hotel JRD Exotica-Fully Vaccinated Staff,6.3,Superior Twin Room with complimentary Hi Tea from 04pm till 06pm,5500
Staybook Hotel Geeson- New Delhi Railway Station,8.3,Deluxe Double Room,2184
"Lemon Tree Premier, Delhi Airport",7.0,Superior Queen Room,8059
Hotel Town Grand,8.3,Deluxe Double Room with Two Double Beds,4050
Hotel Le Mount,8.9,Deluxe Double Room,1709
Hotel Krishna Plaza - 5 min walk from New Delhi Railway Station,7.2,Deluxe Room,2279
Hotel Ritz,8.4,Deluxe Room,3150
FabHotel The Chaitanyas,4.9,Deluxe Room,1752
Kuldeep Friends Hostel- New Delhi Train Station,7.5,Deluxe Double Room,1575
OYO Flagship 90606 Jps The Town,,Classic Triple Room,611
HOTEL DELHI 55 @ NEW DELHI RAILWAY STATION,7.2,Deluxe Double Room,2291
The Grand New Delhi,6.0,Premium Double or Twin Room with 20% discount on food and soft beverage; Early check in at 11.00 AM; Late check out till 15.00 PM,9000
Hotel Parck palace,10,Deluxe Double Room,728
Hotel Sunstar Residency,7.5,Small Double Room,2000
OYO Flagship 80101 Mohit Plaza,1.0,Classic Triple Room,636
FabHotel F9 Lajpat Nagar,9.5,Deluxe Room,2804
Hotel Dev Residency Near IGI Airport Delhi,8.6,Deluxe Double Room,2996
Townhouse 478 The Grey Orchid,6.4,Classic Triple Room,993
FabHotel Royal Comfort Castle,7.7,Double Room,2336
Hotel Sita International,7.5,Deluxe Double or Twin Room,2250
RR inn hotel,1.3,Delux,1529
Collection O 86700 Green Valley,2.2,Classic Triple Room,676
Airport Hotel,5.4,Standard Double Room,2259
HOTEL BENZ INTERNATIONAL,9.0,Deluxe Room,1881
Hotel New Rajdhani Inn - Couple Friendly Stays,6.6,Standard Double Room,1530
FabHotel The Kiara,7.4,Deluxe Room,1637
SCOOVEY The BMK Hotel & Banquets,7.9,Deluxe Double Room,3149
Divine Paradise Tavisha,6.5,Deluxe Double or Twin Room,2599
The Muse Sarovar Portico Kapashera,6.5,Superior Double Room,5200
Hotel Yes Please Lodge,5.8,Standard Double Room with Fan,499
Hotel Aman Continental - Paharganj,7.4,Deluxe Room,5920
Kelvish Hotel Delhi Airport,7.1,Large Double Room,3599
OYO DEL2867 Pr Galaxy,2.8,Classic Triple Room,765
OYO 44260 Saffron Inn,5.1,Classic Triple Room,770
FabHotel Bel Morris,7.0,Deluxe Room,3154
The Pamposh,4.3,Deluxe Double or Twin Room,3299
Sagar Niwas,7.0,Deluxe Double Room,1339
Capital O 92321 Stellar Inn,3.0,Deluxe Double Room,1680
Hotel Good Palace,5.7,Standard Double or Twin Room,1350
FabExpress Jaggi Palace Karol Bagh,7.8,Deluxe Room,1976
Airport hotel Golden Bliss,7.2,Budget Double Room,999
Cottage Ganga Inn,7.6,Standard Double Room with Fan,1224
OYO Townhouse 475 Nangal Raya Pankha Road,4.4,Classic Triple Room,610
OYO 64916 Mannat Residency,1.0,Classic Triple Room,562
Hotel Karlo Kastle 5 min walk From New Delhi Railway Station,7.2,Deluxe Double Room,2014
FabHotel Llyod Residency,5.5,Deluxe Room,2220
Hotel Hoxton Pride at Delhi Airport,8.0,Deluxe Double Room,1214
Hotel The Amour DX Near IGI Airport Delhi,9.7,Budget Double Room,1979
Avatar Living @Safdarjung Enclave,9.6,Deluxe Double Room,4745
"Rockland Hotel, C.R Park",6.4,Standard Double Room,5199
Tivoli Grand Resort,6.7,Deluxe Double Room,3173
Treebo Trip DR Regency Bikaji Cama Place,4.9,Standard Double Room,1719
Capital O 84917 Premium Villa-2,4.3,Classic Triple Room,659
Hotel Lal's Haveli,7.2,Deluxe Room,1795
The JRD Luxury Boutique Hotel-Fully Vaccinated Staff,5.4,Premium Twin Room with complimentary Hi Tea from 04pm till 06pm,4100
Hotel Azulo Inn Bhikaji Cama Place Delhi - Couple Friendly Local IDs Accepted,8.0,Deluxe Twin Room,2430
OYO 8467 Hotel Shiv Shakti Inn,2.6,Classic Triple Room,1102
Treebo Trend Mona Grand,7.4,Standard Double Room,2010
Hotel Ajanta,6.9,Standard Twin Room,2770
"HOTEL BLESS INN ""Near New Delhi Railway Station",4.0,Standard Double Room with Fan,1529
Hotel Opera A boutique Airport Hotel,7.4,Double or Twin Room,1760
Amazing ! 4 BHK Service Apartment .,10,Apartment with Terrace,1600
Hotel Legend International Near New Delhi Railway Station,7.6,Deluxe Double Room,1694
OYO 362 Hotel J P Inn,5.7,Deluxe Triple Room,1021
FabExpress Pearl Robe - Fully Vaccinated Staff,8.1,Deluxe Room,1109
Hotel BB Palace (A Family Hotel),5.6,Deluxe Double Room,1800
Hotel The RTS,8.4,Deluxe Double Room,1500
FabHotel F9 Punjabi Bagh,6.6,Deluxe Room,1988
Wood Castle,8.3,Deluxe Double or Twin Room,2700
Hotel Marigold,7.2,Deluxe Double Room,1211
Gaylord International,6.1,Standard Double Room with Fan,604
HOTEL HANUWANT INN,7.9,Deluxe Double Room,1256
Treebo Trip Baba Residency Pahar Ganj,7.5,Standard Double Room,1569
Satvik Resort,6.3,Deluxe Double Room,4000
Hotel Aerocity Golden At Delhi Airport,8.2,Budget Double Room,542
Hotel Grand Park Inn,7.6,Deluxe Room,2080
OYO 77604 Urbans Room,4.2,Classic Triple Room,754
Hotel Pablas International,7.2,Deluxe Queen Room,2359
"Hotel Gagan Inn - Backside Punjab National Bank - West Patel Nagar, Metro Pillar No 222",7.3,Deluxe Double or Twin Room,1949
Trimrooms Palm D'or,6.4,Standard  Double Room,2339
OYO 72294 White Rose Wallon Hotel,4.2,Small Double Room,666
HOTEL RS RESIDENCY at Delhi Airport,7.1,Deluxe Double Room,900
Ashok Country Resort,6.8,Deluxe Double Room (2 Adults + 1 Child),4499
"Aggarwal guest houses lajpat nagar, foreigners area, very safe, attached fully equipped kitchen for self cooking with gas stove and all utensils, luxury washroom, Ac, personal fridge, wifi with android tvs, cream location- cal 92,121,74,700",,Apartment with Balcony,1600
OYO Townhouse 608 Gautam Residency,4.4,Classic Triple Room,2002
Hotel Apple Villa,5.7,Budget Double Room,700
Prakash Kutir B&B,8.8,Deluxe Double Room,2849
Hotel Airport International,7.0,Deluxe Room,2609
OYO 44229 Diamond Suite,3.4,Small Double Room,597
Hotel Sunstar Heights,8.1,Small Double or Twin Room,2000
Vaccinated Staff- Hotel Apple Inn @ New Delhi Railway Station,8.5,Superior Double Room,1350
The Orion - Greater Kailash,6.1,Deluxe Double or Twin Room,3249
Collection O 81901 Model Town Metro View,5.0,Standard Double Room,1078
"Hotel Tara Palace, Chandni Chowk",7.8,Deluxe Double Room,2124
Hotel Toto International Dx,8.5,Deluxe Triple Room,1275
Shanti Residency,8.0,Double Room,1620
Virohaa Hotel,7.6,Superior Double Room,6029
Hotel City Centre Inn - All Staff Vaccinated Couple Friendly Stays,7.4,Superior Double Room,3240
FabHotel Signature Plaza,5.7,Deluxe Room,2336
Aero Home Mahipalpur Near Airport,10,Deluxe Room,701
Delhi Guest House,7.6,Standard Double Room,1429
Hotel samara,5.8,Deluxe Room,699
THE PARADISE - Near Indraprastha Apollo Hospital,,Deluxe Room,2249
FabHotel F9 Paschim Vihar,7.4,Deluxe Room,1694
Hotel Dada Int. Dx,7.9,Standard Double Room with Fan,689
Ginger East Delhi,5.4,Standard Double or Twin Room early check-in and late check-out subjected to availability,4499
Hotel Anand International,7.8,Deluxe Room,2630
"Hotel Rudra Inn "" Couple Friendly "" at Chhatarpur",5.5,Deluxe Double Room,1814
Vrindavan Residency,8.3,King Room,2849
Heistel Delhi,7.5,Budget Double Room,1620
Capital O 70750 Blue Stone,3.0,Deluxe Double Room,772
OYO 91803 Hotel Mannat,3.3,Classic Triple Room,857
Hotel Tourist Deluxe,7.8,Deluxe Double or Twin Room,3600
OYO KEY Rooms Tilak Nagar,5.0,Classic Triple Room,1110
OYO Flagship 82846 Silver home stay,4.0,Standard Double Room,898
OYO Townhouse 286 Vaishali Dakshini Pitampura,3.7,Classic Triple Room,1286
Hotel Star Paradise,5.2,Standard Double Room with Fan,1275
Collection O 9570 Pulse Impulse BnB,6.1,Classic Triple Room,1430
Avalon Courtyard Residence Suites,6.9,Deluxe Double Room with Wifi,5000
OYO Townhouse 517 La Sapphire,5.6,Classic Triple Room,1747
"Hotel Le Heritage , Nizamudin Railway Station",3.1,Deluxe Double Room,1680
Sarthak Palace,8.3,Deluxe Double Room,1300
THE GRACE HOUSE main bazzar paharganj,8.6,Budget Double Room,1810
OYO 47186 Jagannath,1.0,Deluxe Triple Room,739
Muse Sarovar Portico Nehru Place,6.7,Superior Double or Twin Room with 15% dis on F&B and 2 Hours early check in or late check out subject to availability,8000
OYO 10381 Hotel Aamantran Inn,3.5,Small Double Room,618
Hotel Stanley - Near Delhi International Airport,6.7,Deluxe King Room,2599
The Beaufort Inn,7.6,Deluxe Double Room,3350
The Atlantic-Near Delhi Airport,10,Deluxe Room,1124
"Red Fox Hotel, Delhi Airport",6.9,Superior Double Room,7049
OYO 46183 New Tech India,4.1,Classic Triple Room,640
Hotel View - A Boutique Hotel,7.1,Deluxe Double Room,1008
Sswag18 Delhi Airport,9.4,Family Room,4500
On The House,7.5,Superior Double Room,3800
Hotel king Near IGI Airport,6.3,Deluxe Room,644
CAPITAL O 19133 Oak Tree,7.0,Classic Triple Room,1022
OYO 75131 Bandral Residency,7.0,Classic Triple Room,1056
Westend Holiday Home BY JMJ HOSPITALITY - Couple Friendly Stays,5.6,Standard Double Room,1260
Hotel Southern,6.3,Super Deluxe Room ( annexure building ),2799
Treebo Trend TMS Residency,7.1,[Sanitized] Standard Double Room,1577
"Foreigners place in cream location of lajpat nagar luxury apartment with fully equipped private kitchen and attached washroom, very safe and secure peaceful area with all the comforts of your sweet home, cal 92, 121, 74, 700",8.8,One-Bedroom Apartment,1780
OYO 30462 Hotel Ivy,8.3,Classic Triple Room,699
Hotel Unistar,6.8,Deluxe Double or Twin Room,1500
Hotel Maharani Lodge,7.1,Standard Double Room with Fan,900
Hotel Mayur Assam - New Delhi Railway Station,8.4,Deluxe Double Room,3240
Hotel Ark-Of-Avalon Near Delhi Airport,7.3,Deluxe Room,1799
Capital O 917 Hello People,3.8,Deluxe Triple Room,523
FabHotel B Continental,7.1,Deluxe Room,2564
RR Residency,7.9,Deluxe Double Room,2250
Collection O 86160 Hotel City Centre,5.0,Classic Triple Room,1891
Hotel Darpan Palace,6.4,Deluxe Double Room,900
Park Plaza Shahdara,6.6,Superior Double or Twin Room,5500
Western Blu,6.7,Deluxe Double Room,3500
FabExpress The Paradise,8.0,Deluxe Room,1753
Hotel Inn Star New Delhi Airport,7.3,Deluxe Double or Twin Room,1550
STAY IN SHYAM,4.0,Deluxe Double Room (2 Adults + 1 Child),450
Townhouse 709 The Delight Inn,2.8,Deluxe Double Room,739
OYO 47454 Sunroof Residency,3.6,Small Double Room,807
Affordable & comfortable 3bhk apartment,6.9,Studio with Terrace,1250
The Desire Hostel,7.9,Deluxe Double Room,1700
Hotel Anand Empire Near US Embassy 8km,8.8,Deluxe Room,2310
Hotel Aries,9.5,Deluxe Double Room,2000
Zenith Mahipalpur,7.8,Standard Double or Twin Room,1949
Treebo Trend Nysha Palace Mahipalpur,6.4,Double Room,1419
FabHotel La Ola,6.7,Deluxe Room,2336
WowStops-Hotel Clink Near Delhi Airport,8.3,Deluxe Double Room,1500
OYO 49750 Surya Inn,4.5,Standard Double Room,958
"Hotel Klick International "" Couple Friendly""",7.1,Deluxe Double Room,999
"FORTUNE HOME SERVICE APARTMENT- D BLOCK, SAKET",,Three-Bedroom Apartment,4133
Hotel GS International Couple Friendly at Delhi University,8.2,Deluxe Room,1374
Capital O 16970 Hotel Mahal,4.3,Classic Triple Room,519
Udman South Delhi by Ferns N Petals,8.1,Superior Double Room,9999
Hotel Gaurganga - 200 Meters From New Delhi Railway Station 'THE NEWLY AMBIENCE BUILT',4.4,Deluxe Room,1343
OYO 7845 Hotel Orchid Garden,4.0,Deluxe Double Room,2881
SWEET GUEST HOUSE,6.4,Deluxe Double Room,1044
S R PALACE,7.6,Budget Double Room,680
Hotel Ark Wood,8.8,Superior Double Room,959
The Manor - A Boutique Hotel,8.6,Executive Room,7424
Hotel Airport Residency,6.1,Deluxe Double Room,4999
Hotel Red Snapper Couple Friendly at West Delhi,7.0,Standard Double Room,1530
FabHotel Arihant Inn,6.8,Deluxe Room,1871
Ever Green Guest House Travel & PG,7.3,Double Room with Shared Toilet,400
Hotel Apra International,5.7,Deluxe Double Room,1280
Collection O 1219 Hamilton Hotel,5.1,Classic Triple Room,2008
Hotel Picasso Prive Naraina Delhi - Couple Friendly Local IDs Accepted,7.0,Deluxe Double Room,3325
OYO 91616 Hotel Tourist Plaza,10,Classic Triple Room,687
House Of Comfort Delhi,,Superior King Room,2218
Daffodils inn,3.3,Deluxe Double Room,4200
D-161,,Double Room,2250
FabExpress Dolphin International,8.0,Deluxe Room,1185
OYO townhouse 057 Gujranwala Town,3.7,Classic Triple Room,1448
OYO 85120 Flaurish Stay Inn Hotel,,Classic Triple Room,1715
Treebo Trend Rockwell Plaza Karol Bagh,7.0,[Sanitized] Standard Double Room,1889
Hotel Leo Saffron,6.7,Deluxe Double Room,2519
Airport Hotel Le Seasons New Delhi,7.0,Superior Double or Twin Room,2962
Hotel Arch Plaza,,Deluxe Double or Twin Room,3599
"Emblem Hotel New Friends Colony, New Delhi",5.7,Executive Room,3300
Caspia Hotel New Delhi,5.8,Superior Queen Room,4750
Collection O 82780 Dream Livings,5.0,Triple Room with Balcony,1516
Almondz Hotel,9.0,Premium Double Room,4999
OYO 87920 Hotel Happy Stay Inn,,Classic Triple Room,558
OYO 44094 Grand Inn,7.5,Small Double Room,1106
OYO 13338 Hotel Atithi,4.6,Classic Triple Room,711
OYO 26225 Le Alfanso,1.0,Deluxe Triple Room,765
Hotel SHIMLA HERITAGE- Near B L K Hospital,5.3,Deluxe Double Room,1399
"The Host Residency - Near Embassy Area, New Delhi",9.0,Deluxe Double Room,7559
Airport Hotel Waves Mahipalpur,6.2,Deluxe Double Room,2799
"Hotel Worth Deluxe "" Couple Friendly"" 5 min walkable ""New Delhi Railway Station",,Deluxe Room,3599
Oyo 73570 DISCOVERY INN,3.7,Classic Triple Room,907
Hotel Blue Sapphire By WB Inn,,Standard Double Room,1999
OYO 41215 Three Kings,3.9,Classic Triple Room,871
Desire Homes - Saket,8.3,Standard Double Room,1200
OYO Flagship 63281 Premium Villa,3.3,Classic Triple Room,1368
OYO Townhouse 819 Metro View,4.4,Deluxe Triple Room,1115
Capital O 10938 Season Grand,5.2,Classic Triple Room,985
Airport Hotel Delhi Aerocity,7.1,Deluxe Room,1695
Gracious by Vishesh Hotels & Home Stay,8.3,Budget Double or Twin Room,3000
The Hans,6.3,Executive Room,14000
Aero Home Stay- Bed & Breakfast,8.6,Standard Double Room,1099
"Aggarwal hotels & guest houses lajpat nagar luxury stay in independent flats with attached kitchen washroom and balcony cal 92121 ,74700",,Family Room,1690
Collection O 76976 JPS GRAND Hotel,2.1,Classic Triple Room,738
Satwah 29 Inn,10,Deluxe Double Room (2 Adults + 1 Child),1013
The Raveesh - 2 BHK Serviced Apartment,8.1,Superior Apartment,2249
Airport Hotel Smart Sity,8.4,Deluxe Double Room,1000
Hotel Admire Inn,7.7,Deluxe Double Room,2591
Hotel Maharaja,4.2,Standard Double Room with Fan,700
Luxurious 3bhk apartment!,10,Three-Bedroom Apartment,6000
GHS - Rooms with Kitchenette,7.7,Studio,3230
Hotel Home Stay Dwarka,6.2,Deluxe Triple Room,1710
Hotel Delhi Darshan Deluxe-By RSL Hospitality,8.5,Deluxe Double Room,1079
The Lohias Delhi,8.5,Deluxe Room,2700
Hotel Sanca International Patel Nagar Delhi - Couple Friendly Local IDs Accepted,7.3,Deluxe Double Room,3347
RED BRICK HOME BY EARTHAA ESCAPES,8.5,Deluxe Double Room,3800
Hotel Paradise Inn,8.5,Deluxe Room,999
Hotel Kundan Plaza,6.3,Deluxe Double Room,1549
FabHotel Imperial,6.8,Deluxe Room,1752
Antilia Villa,5.8,Villa with Garden View,5025
Shervani Nehru Place,7.2,Standard Twin Room,4950
Hotel Saket 27,6.7,Deluxe Double Room,8500
SPOT ON 91065 Sharma Guest House,,Classic Triple Room,1211
AIRPORT HOTEL BOLLYWOOD PARADISE,6.8,Deluxe Double or Twin Room,1620
OYO 37843 Hotel Stay Inn,1.0,Standard Double Room,3453
Hotel Banz - Near Delhi International Airport,6.0,Deluxe Double or Twin Room,1784
Hotel Chand Palace New Delhi Railway station,7.4,Standard Double Room,2394
Sky Suites Hotel Mahipalpur New Delhi - Couple Friendly Local ID Accepted,10,Deluxe Double Room,4499
New Haven Hotel Greater Kailash Delhi - Couple Friendly,7.6,Deluxe Double Room,5759
FabExpress Yug Villa,6.8,Deluxe Room,1987
Hotel lakchami inn,,Deluxe Double Room (1 adult + 1 child),855
OYO 3197 Home Stay Prachi Villa,,Classic Triple Room,1128
Shubham Vilas,8.4,Standard Room,2826
Hotel Mayur Chittaranjan Park (C R Park) New Delhi - Local ID Allow,8.1,Deluxe Double Room,4050
FabExpress Llyod House,6.8,Deluxe Room,1985
OYO 80168 Green Villa,4.3,Classic Triple Room,881
OYO 68163 Hotel Chandrika Inn,3.8,Small Double Room,973
OYO 85985 Sunrise Villa,4.3,Classic Triple Room,664
Hotel PREMIER SUITES,7.1,Deluxe Double Room,1295
Townhouse 610 Derawal Nagar,4.1,Standard Double Room,1291
Hotel cozy cave,5.6,Deluxe Room,560
Hotel Sarvasa Residency Inn,7.2,Queen Room,1699
Grace Home,8.7,Budget Triple Room,2700
Amaltas International Couple Friendly Hotel - by Orion Hotels,6.9,Deluxe Double or Twin Room,4199
Hari's Court Inns & Hotels,6.7,Deluxe Double Room,2926
FabHotel Baba Residency,7.8,Deluxe Room,1636
OYO 24380 Park View Guest House,2.7,Classic Triple Room,1069
Hotel Aeroporto,6.6,Deluxe Double or Twin Room with Balcony,2200
OYO Townhouse 340 JAGEER PALACE,4.2,Standard Double Room,1540
OYO 24947 Hotel Metro Tower,4.0,Classic Triple Room,1399
SPOT ON 82420 Hotel Anchal Dx Paharganj,3.6,Standard Double Room,443
OYO 11340 Hotel Lakshmi Palace,8.1,Classic Triple Room,573
Atrio Hotel,7.8,Standard Double Room,13684
AmigosIndia,8.5,Deluxe Double or Twin Room,4750
Townhouse 886 Gold Rooms,2.8,Classic Triple Room,946
Hotel Palm Grand Naraina New Delhi - Couple Friendly Local IDs Accepted,6.0,Superior Double Room,2975
Hotel Hebron,5.9,Standard Double Room with Fan,849
Hide-In Hostel Delhi,8.2,Deluxe King Room,2199
"Hotel Ark Avalon- Near Delhi Airport, New Delhi",6.7,Deluxe Double Room (2 Adults + 1 Child),900
The Gold Inn - Paharganj,7.9,Deluxe Room,3650
Pamposh Guest House GK II Market,8.8,Deluxe Double Room with Extra Bed,2222
FabHotel Hargobind Enclave,5.2,Deluxe Room,1578
Hotel Blessings On road Near New Delhi Railway Station,5.6,Standard Double Room,1696
"Hotel Shivaka Inn - Couple Friendly ""Near Airport """,8.7,Deluxe Room,1520
THE BONLON INN-NEAR BLK HOSPITAL,8.5,King Room,2069
Hotel De Hocks Deluxe,5.0,Standard Double Room with Fan,825
OYO 86718 Sunrise Villa,1.0,Classic Triple Room,819
OYO 77353 Tom & Jerry,3.2,Small Double Room,877
Collection O 87094 Hotel Star Ki,1.7,Classic Triple Room,990
Hotel Roma Villa,7.3,Standard Double Room,1300
OYO 14710 Hotel Pallvi palace,5.9,Small Double Room,1165
Signature palace,1.0,Double Room,1377
Vanilla AIRPORT metro Dwarka 1bhk,,One-Bedroom Apartment,3500
OYO 12235 Hotel Bliss Continental,6.8,Standard Double or Twin Room,520
FabHotel Nirvana,7.4,Deluxe Room,1636
HOTEL J P RESIDENCY,6.9,Deluxe Double or Twin Room,2749
Spacious 2bhk apartment!,,Apartment,3000
Golden Homestay,7.1,Deluxe King Room,1800
Hotel City view LUXURY Near New delhi Railway Station,8.9,Deluxe Double Room,4250
Green Lotus Residency Dwarka,7.5,Suite,4100
"Couples friendly south delhi foreigners place very safe for women and solo travellers along with private kitchen and washroom located in the heart of delhi lajpat nagar just steps away from the famous central markrt cal 92121,74700",,Family Room,1690
OYO 74753 Sushma Ssadan,3.1,Small Double Room,918
Tree of Life Bed & Breakfast,9.3,Deluxe Double Room,4500
The Corus Hotel,5.3,Deluxe Double or Twin Room,4369
Exotic Pleasure,7.6,King Room with Balcony,3600
Hotel Taj Princess - Boutique Hotel,6.6,Premium Double Room,3500
Hotel Majors Den,7.5,Standard Double Room,950
"Sarovar Portico Naraina, Hotel",6.6,Superior Double Room,4095
Staybook - South Delhi,6.8,Superior Twin Room,2469
"Madhuban Hotel , New delhi",5.5,Deluxe Double or Twin Room,4500
OYO 75380 Hotel Shimla,1.2,Classic Triple Room,600
Hotel Palazzo Inn,5.6,Deluxe Double Room,2975
3 Fox Hostel,7.9,Standard Double Room,959
FabHotel Goodwill GK 1,6.1,Deluxe Room,3038
Hotel Bluestone - Nehru Place,7.8,Standard Double or Twin Room,5760
OYO Townhouse 604 The Royal Galaxy,3.6,Deluxe Triple Room,906
OYO 471 Sehej Continental,1.0,Deluxe Double Room,945
Collection 82643 The Crown,5.0,Classic Triple Room,2656
Namasteyhomes Service Apartments,5.8,Standard Double Room,3500
OYO 9028 Hotel Blu Pebbles,6.0,Standard Double Room,510
Rainbow Residency,8.9,Deluxe Double Room,4000
AP Holidays,6.3,Standard Double or Twin Room,2745
Hotel Suncourt Corporate,7.9,Small Double or Twin Room,2090
Hotel International Neelam Near New Delhi Railway station,8.4,Deluxe Room,1214
SHARMA HOMESTAY,,Double Room,1955
OYO 24436 Ramji 7 Grand,1.0,Small Double Room,487
Capital O 85803 Prince Residency,6.7,Standard Double Room,1228
OYO 78128 DEL1952 Hmoca,4.6,Apartment,1079
City Park Resort,6.5,Deluxe Room,3850
OYO 10274 Hotel Aamara,5.0,Classic Triple Room,533
Revels Plum Hotel at New Delhi Railway Station,7.3,Deluxe Room,1791
Hotel Metropolitan,5.0,Superior King Room,2339
Room in Guest room - Posh Foreigner Place Luxury Room In Lajpat Nagar,, Triple Room,1890
OYO 75218 Hotel Mayur Plaza,6.0,Small Double Room,475
Collection O 78493 Noble Inn Paharganj,2.7,Classic Triple Room,521
Hotel Ambica Palace AIIMS New Delhi - Couple Friendly Local ID Accepted,6.2,Deluxe Room,2897
Capital O 84333 Kiran Residency,,Classic Triple Room,711
"Hotel Ambience Paharganj ""Couple Friendly ""Near R k Ashram Metro",6.4,Deluxe Double Room (2 Adults + 1 Child),1709
Hotel Station View,6.4,Superior King Room,2200
Hotel Platinum IGI Airport,7.3,Large Double Room,1260
FORTUNE HOME E-28,9.0,Three-Bedroom Apartment,5500
OYO 86607 Hotel Mayur,8.0,Classic Triple Room,527
OYO 87965 Padam Residency By Meet You There,1.0,Classic Triple Room,1177
Abcdg,1.0,Three-Bedroom Apartment,102
Hotel Wall City 55 Near US Visa Embassy,7.5,Deluxe Room,1848
Hotel Baljeet Lodge,6.9,Deluxe Double Room,2999
Airport Plazzo,8.1,Deluxe Double Room,2250
Hotel Picasso Paschim Vihar Delhi - Couple Friendly Local IDs Accepted,7.5,Economy Double Room,2800
Hotel Iconic Plaza- Near New Delhi Airport,7.3,Standard Double Room,1542
OYO 70849 Hotel Sarvasa Residency,5.9,Standard Double Room,994
FabHotel Royal Touch,5.9,Deluxe Room,3337
MITTAL GUEST HOUSE,6.7,Deluxe Room,896
FabHotel South View,6.3,Superior Double Room,2184
Aaron Residency,5.7,Deluxe Double Room,2449
OYO 76554 Blu Lagoon,5.5,Standard Double Room,1219
Hotel Classic Diplomat,7.2,Deluxe Premium Room only,6921
The Palm Spring a Boutique Hotel Naraina New Delhi,4.0,Deluxe Double Room (2 Adults + 1 Child),10125
Hotel IGI Airport billions,4.8,Deluxe Family Suite,1607
FabHotel Airlift,7.6,Deluxe Room,1441
HOTEL SHHAURYA,6.2,Deluxe Double or Twin Room with Balcony,2993
OYO Flagship 87591 Legend Stay,3.7,Classic Triple Room,550
Hotel Sun plaza Luxury,6.4,Deluxe Double Room,852
OYO 87444 Hotel Unwind,8.0,Classic Triple Room,1083
Hotel Malbork Inn Rajouri Garden Delhi - Couple Friendly Local IDs Accepted,7.8,Deluxe Room,7500
OYO 28624 A K Continental,4.5,Standard Double Room,980
Anantkoti Hotel,5.3,Superior Double Room,1800
"Hotel Kings Inn, Karol Bagh, New Delhi",5.5,Standard Double Room with Fan,2100
Hotel Vanson Villa,,Deluxe Double Room,1499
Indee home,8.8,Deluxe Double Room,3000
Backpackers Heaven@ New King,7.3,Deluxe Double Room,2260
Hotel Centra Inn,6.1,Budget Double Room,1052
Embassy Stay,6.2,Budget Double Room,2079
Namaskar Hotel,5.9,Standard Double Room with Fan,700
Collection O 82657 Hotel Royal Stay,2.6,Classic Triple Room,974
Hotel Swaran Palace,6.2,Premium Room,3600
Delhi Pride Hotel,7.6,Deluxe Double or Twin Room,3689
76 Friends Colony,8.2,Classic Double Room,6000
OPULENT HOTEL BY FERNS N PETALS,7.3,Superior Double Room,8999
OYO Flagship 86684 A One Eleven Inn,1.0,Classic Triple Room,730
SM Palace (Near Apollo Hospital),8.3,Deluxe Double Room,4499
FabHotel Olivia Suite,7.9,Deluxe Room,1751
OYO 84009 Jeet Stay,6.7,Classic Triple Room,609
FabExpress T P Suite,4.9,Deluxe Room,1006
POP 86063 Itt In,1.0,Classic Triple Room,605
V R RESIDENCY,6.8,Deluxe Double Room,1080
Centrally Located Entire Apartment near ITO,6.4,Deluxe Apartment,2450
Yes Boss By Backpackers Heaven,8.0,Deluxe Room,1607
Hotel Darshan Palace by WB Inn,,Budget Double Room,1599
OYO 73620 Hotel Livin Hub,10,Classic Triple Room,837
OYO 1482 Gem 92,5.9,Deluxe Triple Room,963
"Hotel Gray Saffron - Near Rohini Sector 18, 19 metro station",5.9,Deluxe Double Room,1418
Billions Hotel,4.0,Standard Double Room,1395
"Hotel Guruvas Inn ""Vaccinated Staff""",6.9,Deluxe Double Room,1599
OYO 46160 Gs Residency,5.0,Classic Triple Room,675
FabHotel Church House,5.2,Deluxe Room,1752
Entire Luxurious Apartment with kitchen near metro,7.0,Two-Bedroom Apartment,2000
Collection O 77161 Shalimar Bagh,5.4,Classic Triple Room,745
Entire 2BHK Flat for Parties/ Family,,Double Room,9899
Capital O 84388 Jyoti Palace,4.7,Classic Triple Room,1247
OYO Townhouse 950 Hotel Golden Glory,4.0,Deluxe Double Room,747
FabExpress Gross Plaza,8.0,Deluxe Room,1550
Hotel Persona International,7.3,Deluxe Triple Room,2625
OYO Townhouse 117 Punjabi Bagh,4.9,Classic Triple Room,1216
Shakun Guest House,3.4,Budget Double Room,1200
HOTEL THE CUBE STAY,8.4,Deluxe Family Room,1500
The House 1-Bedroom Flat in Rohini sector 5 Delhi,9.0,One-Bedroom Apartment,1200
The Park End,4.0,Deluxe Double Room (2 Adults + 1 Child),1395
"Jinis Cottage, spacious 2 bedroom Apartment in Central Delhi",10,Two-Bedroom Apartment,3200
Hotel Kingston,6.8,Deluxe Queen Room with Two Queen Beds,2700
Capital O 46902 Admiral International,5.4,Classic Triple Room,464
FabHotel Cameron,6.3,Deluxe Room,2108
Al Ashfaq Guest House,2.8,Triple Room with Balcony,1550
Collection O 83547 Iconic Residency,4.7,Classic Triple Room,652
Hotel Silver Saffron By F9 Hotels,6.7,Deluxe Double Room,1169
FabHotel Star Delhi Airport,7.2,Deluxe Double Room,3272
OYO Townhouse 381 Dilshad Garden,2.9,Classic Triple Room,1271
OYO 80979 Red Apple Home,1.5,Classic Triple Room,1462
Hotel Inn Suites,6.2,Double Room,899
Woodpecker Apartments Hauz khas,7.2,Economy Double Room,1923
Glory Villa,5.9,Deluxe Room,2267
SHRI RAM HOME STAY,6.5,Deluxe Double or Twin Room,1084
sundae,,Two-Bedroom Apartment,3640
Hotel Amrit Villa Karol Bagh New Delhi,10,Deluxe Double Room,2000
OYO Flagship 77719 Gour Plaza,1.6,Classic Triple Room,753
Hotel Tourist Palace,7.5,Deluxe Room,1049
SilverKey 29058 M&M RESIDENCY,5.1,Classic Triple Room,990
O Delhi Hotel with FREE RAILWAY STATION or AIRPORT PICK-UP,10,Deluxe Double Room,2700
The Paramont Suites Delhi,7.4,Standard Double Room,1799
OYO 79600 The Premium Villa,4.8,Apartment,938
Hotel Metro Heights,7.2,Executive Double or Twin Room,7000
Capital O 90452 Qotel Peeragarhi,1.0,Standard Double Room,972
OYO 7619 Hotel Smart Stay,,Classic Triple Room,862
Collection O 83831 Golden Key,2.0,Classic Triple Room,630
Hotel Sonu Dx New Delhi Railway Station - All Staff Vaccinated,6.9,Standard Double Room,1530
Hotel Good Vibe Near Delhi Airport,7.1,Deluxe Double Room,1050
Hotel Royal Saffron,7.9,Deluxe Room,3299
Hotel Parkway Deluxe,7.6,Premium Double Room,2700
FabHotel Transit Delhi Airport Mahipalpur,7.0,Deluxe Double Room,2279
HOTEL GOOD TIMES,6.1,One-Bedroom Apartment,2241
The Pearl- A Royal Residency,6.7,Premium Room,2600
OYO Silver Key 77709 Stay Heaven,4.3,Classic Triple Room,800
Townhouse 735 Hotel Blue Inn,5.5,Deluxe Triple Room,537
Hotel Tripple Tree - New Delhi,7.0,Deluxe Double Room,2564
Hotel Deluxe Stay Inn IGI Airport Delhi,7.7,Deluxe Room,990
Sufi Khandar Home Stay,7.9,One-Bedroom Apartment,2000
Hotel Rudraksh Plaza Near IGI Airport Delhi,8.3,Deluxe Room,990
GoldenKeys Inn,6.1,Double Room,6999
Westend Inn,6.0,Standard Double or Twin Room,4230
OYO 84136 Hotel Royal Orbit Mahipalpur,6.5,Classic Triple Room,532
OYO 92019 Hotel Deluxe Room Stay,1.0,Classic Triple Room,1305
Treebo Trend C T International,6.4,[Sanitized] Standard Double or Twin Room,2199
OYO 15563 Bir Home Stay,,Classic Triple Room,1060
OYO Preferred 67086 Hotel Red Rose,,Classic Triple Room,721
OYO 89341 The Premium Villa,2.4,Standard Double Room,789
Collection O 75497 Agniv Residency,3.6,Classic Triple Room,956
"Hotel Golden Saffron ""Near Shivaji Park Metro Station""",7.3,Standard Double Room,2699
OYO Flagship 71404 Rose Stay,1.0,Classic Triple Room,891
The Jade Cottage.,10,Two-Bedroom Apartment,4500
AMAN RESIDENCY,6.5,Deluxe Family Room,1072
OYO Flagship 76903 RS Hotels,3.8,Small Double Room,559
"Hotel Era Mahipalpur, Aerocity, Near IGI Airport New Delhi",8.1,Deluxe Double Room (2 Adults + 1 Child),1350
OYO 37915 Anshun Residency,1.7,Small Double Room,676
OYO 86137 Hotel Le Princess,2.8,Classic Triple Room,482
Hotel Rockland Panchsheel Enclave,6.5,Deluxe Double Room,4654
Airport Hotel The Class - A Unit of Lohia Group of Hotels,4.8,Executive Double Room - Special Offer,2459
OYO 76766 Hotel Dream Palace,5.0,Classic Triple Room,902
Whitepod Luxury Aerocity Delhi Airport,7.3,Superior Double Room,2520
"Hotel Emarald, New Delhi",6.8,Deluxe Double Room,4550
The Neem,9.1,Standard Room,4973
Hotel Orange Snapper Couple Friendly at Near Tilak Nagar,6.8,Deluxe Double Room,1643
OYO 85588 Royal Guest House,,Classic Triple Room,2230
Hotel Nirvana Suits by Qotel Jasola - Near Apollo Hospital In New Delhi,4.9,Deluxe Double Room,6237
OYO Townhouse 654 The Arrow,1.0,Standard Double Room,1022
OYO 79038 Hotel Kullu,2.5,Classic Triple Room,869
OYO 80200 Olive Inn,4.6,Deluxe Triple Room,677
Hotel Oscar,7.3,Standard Double Room,3600
Hotel City Park,7.2,Deluxe Double or Twin Room,7500
Hotel Arjun Deluxe Guest House,,Double Room,920
Collection O 23466 Hotel Planet,8.0,Budget Double Room,663
OYO 85103 Relax Residence Hotel,,Classic Triple Room,1201
OYO Townhouse 099 RUDRA INN,4.4,Classic Triple Room,828
OYO Townhouse 754 Hotel Aashiyana,5.1,Deluxe Triple Room,819
Hotel Crystal Deluxe - By RSL Hospitality,7.5,Deluxe Room,1680
Hotel Traditional Inn,5.5,Standard Double Room,982
OYO 77914 Hotel Mannat,3.6,Classic Triple Room,968
OYO 73235 Hotel Lion,3.4,Classic Triple Room,772
Anavrin,8.6,Double or Twin Room,2250
Hyatt Delhi Residences,7.6,"One-Bedroom Apartment with Living Room & Kitchen, 15% F&B Discount",26250
OYO Townhouse 433 JPS,1.8,Classic Triple Room,842
OYO Townhouse 366 Uttam Nagar,5.7,Classic Triple Room,832
OYO 74279 Hotel Royal King Deluxe,,Executive Triple Room,521
plazzo,7.9,Deluxe Double Room,2036
The Picasso Residency Hotel New Delhi - Couple Friendly Local IDs Accepted,9.6,Deluxe Room,3240
Hotel LAXMI SUITES Near Delhi Airport,7.3,Deluxe Double Room (2 Adults + 1 Child),1050
OYO 88081 Premium Stay,1.5,Classic Triple Room,997
"Couple friendly private flat in posh lajpat nagar with attached kitchen, washroom, fridge, powerful air conditioning, Android tv, hi speed wifi and luxuary interiors",,One-Bedroom Apartment,1505
SM SUITS,7.4,Deluxe Room,999
OYO 22321 Nitin Palace Guest House,1.8,Small Double Room,631
Hotel Twin Tree Local IDs Allowed,5.9,Superior Double Room,3000
"Hotel Mahajan International, Delhi Airport",7.2,Family Suite,2333
Hotel L'Affaire,6.8,Premium Double Room,4999
FabExpress Under Bridge,,Deluxe Room,1987
Hotel Livia Residency,6.4,Classic Triple Room,1433
OYO 90223 Sai Inn,1.0,Classic Triple Room,686
"Cream location luxury stay in posh lajpat nagar with attached kitchen and washroom,complete private apartment with full privacy and private entrance, cal 92121, 74700",,One-Bedroom Apartment,1520
Mizpah Delhi,9.0,Deluxe King Room,8500
Collection O 83522 Victoria Castle,1.0,Classic Triple Room,795
OYO Flagship 77310 Sec 7 Rohini,2.1,Classic Triple Room,698
Hotel Baba Inn-By RCG Hotels,7.5,Standard Double or Twin Room,2000
OYO 46441 Five Star Residency,1.6,Standard Double Room,719
THE IC's Hotel,5.6,Deluxe Room,2800
OYO Flagship 80575 Kashish Residency,1.0,Classic Triple Room,1221
Hotel R S Intr.,5.8,Standard Double Room,1296
Hotel Castle Blue,5.9,Superior Double or Twin Room,1223
OYO 88871 R Comfort Residency,3.3,Classic Triple Room,621
Hotel Rainbow Mahipalpur IGI Airport Delhi,10,Deluxe Room,810
Hotel Sun International,5.4,Deluxe Double Room,1299
Capital O 91609 Church House Prashant Vihar,1.5,Deluxe Triple Room,1230
OYO Townhouse 067 Chattarpur,4.6,Classic Triple Room,1289
Capital O 85009 The Arrow,4.0,Deluxe Double Room,845
Hotel Emblem Suites,8.2,Deluxe Room,2186
Airport Hotel Edge Home stay,8.5,Deluxe Room,1214
Hotel Livasa Inn Near BLK Hospital,6.9,Deluxe Room,1900
वाई-फाई अपार्टमेंट अच्छा स्थान,,Two-Bedroom Apartment,14000
OYO 18831 Florence Residency,5.8,Standard Double Room,736
Collection O 80434 Hotel Bi,2.5,Classic Triple Room,2994
OYO 88166 Shri Ram Home Stay,5.5,Deluxe Triple Room,507
SPOT ON 92450 Royal Ms Residency,,Classic Triple Room,1178
Collection O 50134 Nk Residency Kalkaji,3.6,Classic Triple Room,1350
Collection O 50329 Singh Guest House,5.5,Classic Triple Room,720
"Hotel Klick International at ""5 Min Walking "" from New Delhi Railway Station",6.0,Deluxe Room,1615
OYO 85984 Hotel Happy Spring,2.5,Classic Triple Room,620
Iris Park,6.3,Standard Double Room,4950
Collection O 81600 Ashoka Residency,1.0,Classic Triple Room,795
GoBravo 3BHK Near Airport,,Three-Bedroom House,8549
FabHotel Jyoti Heritage,5.0,Deluxe Room,1752
OYO Flagship 39677 Hotel Times Stay,,Standard Double or Twin Room,8364
Hotel Kundan Palace,6.3,Deluxe Room,2249
FabExpress Rama,6.1,Deluxe Room,1519
Hotel Chanchal Deluxe,6.0,Standard Double or Twin Room,1600
Hotel Golden Wings,6.0,Deluxe Double Room,1700
OYO 66842 Prime Inn,,Small Double Room,996
Entire Airconditioned Apartment as Value of Money,7.3,Apartment with Balcony,1250
Preet Palace # Couple Friendly,5.5,Deluxe Double Room,2392
FabHotel Lord Inn,4.7,Deluxe Room,2297
OYO 77846 The Golden Bridge,3.2,Classic Triple Room,1148
OYO 79902 Flagship Hotel Olive Saffron,,Classic Triple Room,871
EAST INN PATEL NAGAR,3.2,Deluxe Double Room,1485
Townhouse 1051 Galaxy Inn,,Standard Double Room,794
OYO Flagship 49221 Hotel Lemonade,,Classic Triple Room,728
Airport Hotel Vishal Residency,5.4,Deluxe Double or Twin Room,2416
FabHotel F9 NFC,3.2,Deluxe Room,2921
OYO 86777 Hotel International,,Classic Triple Room,618
Townhouse 134 Metaltech,,Deluxe Triple Room,610
Hotel The Tourist,6.6,Deluxe Double or Twin Room,1600
"Pentagon - 5 Bedroom Apartment Saket, South Delhi",,Apartment,10800
Hotel Aman Luxury,6.4,Deluxe Double Room,2265
Capital O 85143 Jasmine Inn,1.0,Standard Double Room,630
Capital O 89808 Sk Residency,7.0,Classic Triple Room,750
OYO Flagship 49858 Comfortable stays,1.0,Classic Triple Room,1286
"Sailors Home - C9, Vasant Kunj",6.6,Double Room,2300
OYO Flagship 92206 Park Avenue Casa,4.7,Classic Triple Room,1386
OYO Flagship 74227 Hotel Red Stone,4.5,Classic Triple Room,1030
OYO 78109 Premium Villa,2.3,Apartment,1709
HOTEL Classic Paradise,9.0,Deluxe Room,989
OYO Flagship 72997 D C Palace,1.0,Standard Double Room,765
OYO Flagship 72997 D C Palace,1.0,Standard Double Room,765
OYO 84610 South Plaza,3.0,Classic Triple Room,607
"Couple friendly private flat in posh area of lajpat nagar, for more details cal 92,121,74700",1.0,One-Bedroom Apartment,1568
Indira International Inn,5.3,Standard Double Room,2800
taj homes,,Double Room,2500
Sohi Residency,6.9,Standard Double or Twin Room,3749
OYO 88302 Shyam Residency,1.5,Classic Triple Room,671
Townhouse 1057 Royal Residency,3.7,Standard Double Room,1160
OYO 86673 Shoolin Residency,1.0,Classic Triple Room,842
OYO 688 Hotel Marina,3.0,Deluxe Triple Room,1363
FabHotel Le Heritage Karol Bagh,6.1,Deluxe Room,2104
EKAANTH RESIDENCY,,Deluxe Double Room with Balcony,899
FabHotel Le Grand,3.2,Deluxe Room,1750
FabHotel Heaven In,,Deluxe Room,2689
OYO Flagship 40693 Chahal Guest House,2.8,Classic Triple Room,966
OYO 70899 Royal Galaxy,4.6,Standard Double Room,693
Vaccinated Staff - OYO 542 Kalkaji RESIDENCY BNB,3.3,Classic Triple Room,1046
OYO 89904 Hotel Relax Inn,1.0,Classic Triple Room,695
Oyo Townhouse 331 Vat Hotels,5.6,Classic Triple Room,1551
Ark of Palace,10,Deluxe Double Room,1349
"Luxurious studio apartment with attached kitchen, washroom, balcony, fridge, ac, Android led tv, wifi, in cream location of lajpat nagar 92,121,74700",,Double Room,1690
Rao B&B Hotel,,Deluxe Double Room (2 Adults + 1 Child),1200
OYO 71197 Five Star residency,1.0,Classic Triple Room,820
Shanti Residency,3.5,Economy Double Room,1500
OYO 15515 Hotel Landmark Inn,2.0,Classic Triple Room,1285
Hotel Red Castle - Karol Bagh,9.6,Deluxe Double Room,4949
Hotel Aman Aerofly With Free 3hr Early Check-In,7.3,Deluxe Room,850
OYO 6467 Kochar Plaza,3.6,Deluxe Triple Room,1279
Trendy Bed & Breakfast,8.2,One-Bedroom Apartment,5950
Hotel Peridot,6.3,Deluxe Room,1721
OYO Flagship 86610 Little lodge,4.7,Deluxe Triple Room,776
Cottage Lord Krishna,4.7,Standard Double Room,1718
Tej Palace,,Deluxe Room,880
"Hotel Lav Kush Deluxe at ""Couple Friendly"" 2 Min Walking from Railway Station",6.9,Deluxe Double Room,1944
स्मारक दृश्य - सबसे अच्छा 2,,Two-Bedroom House,3280
Hotel Chanchal Continental,6.1,Standard Double Room,1600
Hotel Kastor,7.7,Deluxe Room,2200
Paharganj Hotel Maharani Palace,7.3,Double Room with Private Bathroom,1299
FabHotel BMK Grand,,Deluxe Room,2756
OYO Flagship 39600 Sathguru Residency,5.7,Classic Triple Room,823
Collection O 85852 Qubic stays,8.0,Deluxe Triple Room,827
OYO 14919 Hotel Aerosky Palace,,Classic Triple Room,926
OYO 61264 Hotel Royal Orbit,4.2,Classic Triple Room,647
Hotel Sky Blue Near Delhi Airport,10,Deluxe Room,990
Maplewood Stay,7.9,Family Room,3762
"Continental Plaza, Mahipalpur",8.5,Standard Double Room,1178
Grand Hari Piorko,6.9,Deluxe Room,4049
OYO 69541 Geet Residency,5.5,Small Double Room,735
Pawan Plaza Hotel Delhi Id Allowed,5.6,Budget Double or Twin Room,2599
Hotel D'PRESIDENTE,7.1,Deluxe Double Room,3640
South Delhi Inn,2.0,Deluxe Room,1520
Dev Residency,7.5,Deluxe Double Room,1000
OYO 84139 Hotel Moonlight,4.5,Classic Triple Room,1212
Prestige Apartments,6.9,Two-Bedroom Apartment,5580
Elite hotels,7.5,Deluxe Double Room,1133
"Hotel Jindal International ""Budget Friendly"" at New Delhi Railway Station",6.6,Deluxe Double Room,1164
OYO 16375 Melfort Inn,2.3,Standard Double Room,1267
OYO Flagship 14164 Satwah 29,3.0,Small Double Room,1092
Hotel Heven,,Deluxe Double Room (2 Adults + 1 Child),1001
OYO 82283 Hotel Royal City,1.0,Classic Triple Room,1371
East End Retreat,8.4,Standard Double or Twin Room with Balcony,2799
Townhouse 665 Chahal Residency,2.2,Classic Triple Room,736
STAR INN RESIDENCY Kailash Colony New Delhi,8.0,Deluxe Double Room (2 Adults + 1 Child),2500
Hotel3BS HOUSES DX,,Deluxe Quadruple Room,1249
OYO 87694 Om Residency,,Classic Triple Room,2438
Capital O 464 Hotel Lotus Palace,6.9,Classic Triple Room,1677
OYO 85102 New Park View,,Deluxe Triple Room,1111
AIRPORT SHRI PALACE INN,,Double Room,1346
Hotel Ambrosia,,Deluxe Double Room (2 Adults + 1 Child),1033
"Posh s delhi foreigners place in cream location independent luxury flat with attached kitchen for self cooking along with all utensils, gas stove and fridge, fully air conditioned, Android tv, very peaceful and calm location, cal 92,121,74700",,Family Room,2000
OYO 68628 Manraj B&b,4.0,Classic Triple Room,2919
FabExpress Iconic salty Mahipalpur,7.3,Family Room,1827
Own Stay,10,Twin Room,1676
Modern Room w/Bathtub &balcony,9.0,One-Bedroom Apartment,3500
OYO 87538 Hotel Breez,,Classic Triple Room,607
